Solver,Time,Hypervolume Ratio,Standard Deviation
nsga2,0.01090685393548387,0.6676425526881721,0.046156453168883955
nsga2,0.02791062939784946,0.6844306817204301,0.04172640110612428
nsga2,0.04366633935483871,0.7036866924731183,0.0384815330820216
nsga2,0.07466357419354838,0.7380038752688172,0.03510531839928877
nsga2,0.10709261483870967,0.7683341182795699,0.03574731874640531
nsga2,0.15520624279569892,0.8019208516129033,0.037838763117929004
nsga2,0.21969751225806453,0.8353436215053763,0.04055487464352618
nsga2,0.3072654817204301,0.8668330301075269,0.0417313622931713
nsga2,0.42784253548387097,0.8932123268817205,0.03909088535818655
nsga2,0.5915033290322581,0.9138206193548387,0.034791513813308084
nsga2,0.8140632774193548,0.9291846559139785,0.03066398784766696
nsga2,1.1168654,0.9407898451612903,0.02669511392642741
nsga2,1.5287812279569892,0.9498949505376344,0.02354185848350682
nsga2,2.089039698924731,0.9565821462365591,0.020907107539190898
nsga2,2.852059935483871,0.9619626795698925,0.018457802544451167
nsga2,3.8911452473118278,0.9663996967741936,0.016769516499713075
nsga2,5.306430473118279,0.9702742344086022,0.014842198213801724
nsga2,7.233806365591398,0.9736103225806452,0.013253516904405889
nsga2,9.859394494623656,0.9763369311827957,0.011803906129105597
nsga2,13.438315247311827,0.9786803591397849,0.010867285806078687
nsga2,18.315856344086022,0.980737911827957,0.01005244308414036
nsga2,24.96625376344086,0.9825720795698925,0.00927501370480165
nsga2,34.036294193548386,0.9842360021505376,0.008651639645151912
nsga2,46.411822795698924,0.9858011032258065,0.007977008794547429
nsga2,63.30215096774194,0.9871943161290323,0.00747662205047326
nsga2,86.36141806451613,0.9884257010752688,0.007096338811293861
nsga2,117.85411397849462,0.9896659935483871,0.006617228296302715
nsga2,160.87757419354838,0.9907080494623656,0.006285264458585538
nsga2,219.6721806451613,0.9919610559139785,0.005516955073739496
nsga2,300.01029032258066,0.9929017978494624,0.005303641522860741
nsga3,0.02415317705376344,0.6840081247311828,0.042658996517005145
nsga3,0.0715882470967742,0.6937072688172043,0.040541416069616226
nsga3,0.11472740774193549,0.7058835741935484,0.03787061270577147
nsga3,0.15869631010752688,0.7204113892473119,0.03543021055413953
nsga3,0.24420517892473118,0.7462913634408602,0.034812830082802684
nsga3,0.3360051827956989,0.7712971806451613,0.03618751956436925
nsga3,0.4699084602150538,0.7996892666666666,0.03829682409215045
nsga3,0.647807752688172,0.829605705376344,0.04060894533192409
nsga3,0.8752086430107527,0.8590905677419355,0.042224009433372865
nsga3,1.1761188559139786,0.8860458344086022,0.04173809935184936
nsga3,1.5716762838709677,0.9083956258064516,0.037951327029092936
nsga3,2.0887162365591396,0.926081152688172,0.033639136006107705
nsga3,2.7708784086021505,0.9397834150537634,0.02836249428454277
nsga3,3.6683383010752686,0.9503748322580645,0.023701569577141465
nsga3,4.845694602150537,0.9582253935483871,0.020201246776294986
nsga3,6.393725139784946,0.9640783913978495,0.017355101564687416
nsga3,8.428759376344086,0.9686401569892473,0.015125296169338802
nsga3,11.10369477419355,0.9723470494623656,0.013275073550177957
nsga3,14.620507075268817,0.9752280817204301,0.011956455802606668
nsga3,19.245647741935485,0.9777831032258064,0.010895463797379676
nsga3,25.32758731182796,0.9798844559139785,0.010067991035667476
nsga3,33.329004301075265,0.9817156817204301,0.009343717251227885
nsga3,43.856833333333334,0.9832895419354839,0.008728733888990484
nsga3,57.708596559139785,0.9847365548387097,0.008095700489762379
nsga3,75.94032516129032,0.9859747182795698,0.007560437532394434
nsga3,99.93762129032258,0.9872209290322581,0.007021585090758573
nsga3,131.53523655913978,0.9882575204301075,0.006543094860175758
nsga3,173.1425612903226,0.9892905053763441,0.006108494271023793
nsga3,227.9402688172043,0.9902068602150538,0.00575911563604147
nsga3,300.0301548387097,0.9910319483870967,0.005474691903384655
nspso,0.0064436513118279574,0.6552139247311828,0.048982655294932384
nspso,0.01466431941935484,0.671640729032258,0.04512378517487551
nspso,0.02208372993548387,0.6807133870967742,0.04327770322191889
nspso,0.03588204516129032,0.6940546860215053,0.042925811007947165
nspso,0.05598283806451613,0.7148849978494624,0.05053431955042597
nspso,0.083189288172043,0.7325604430107527,0.05929272967957406
nspso,0.11936211225806452,0.7474834215053764,0.06472821771019445
nspso,0.16994052709677418,0.7643709655913978,0.0676652578110565
nspso,0.24141377569892472,0.7845823161290323,0.06828240234576474
nspso,0.34117113978494623,0.8060461440860215,0.06611174609758744
nspso,0.48061554408602153,0.8281218967741936,0.06031550752235263
nspso,0.6756326537634408,0.8460993870967742,0.054806286825704445
nspso,0.9482540580645161,0.8607816752688172,0.04965622643520557
nspso,1.3297474795698925,0.871987470967742,0.046531286610922304
nspso,1.8640022795698925,0.8811611634408603,0.04426079583329366
nspso,2.611884107526882,0.8890993913978494,0.042925107369244084
nspso,3.659597053763441,0.8954173698924731,0.04196960391663137
nspso,5.127479634408602,0.9009360430107527,0.041181311224779034
nspso,7.184862752688172,0.9055995161290322,0.040592627486567175
nspso,10.069710580645161,0.9099639290322581,0.039966354592791714
nspso,14.116251505376344,0.9137066,0.03926394667293833
nspso,19.795058279569894,0.9169651591397849,0.03867338163879379
nspso,27.76753634408602,0.9197466989247312,0.03806997868291732
nspso,38.96494516129032,0.9228376,0.037241675913759806
nspso,54.69872301075269,0.9253311505376344,0.036639168112870026
nspso,76.81597311827957,0.9273849483870967,0.03622926089195724
nspso,107.92006,0.9293136924731182,0.035873236627544866
nspso,151.68147741935485,0.9310948258064516,0.03562801570487155
nspso,213.2776623655914,0.932823976344086,0.03545654053382245
nspso,300.00330322580646,0.9343629397849462,0.03515550725686867
moead,0.012698383655913978,0.6704392946236559,0.045691122412332856
moead,0.030559893010752688,0.6856932215053764,0.04293584828053784
moead,0.048501539139784944,0.7027476301075268,0.04079663252531988
moead,0.07745039892473118,0.7265512795698925,0.038180461265572015
moead,0.11437365204301075,0.7478744430107527,0.03767722905176064
moead,0.16803754150537634,0.7697768709677419,0.03833039600422977
moead,0.23969549053763442,0.7914121096774194,0.03943507444700672
moead,0.33464886666666666,0.8107717161290322,0.04063583476081224
moead,0.46463272903225805,0.8306280172043011,0.04205393649446788
moead,0.6403231182795699,0.849156847311828,0.04221319922424777
moead,0.8780756193548387,0.8670500838709677,0.040891655504782756
moead,1.1995521612903226,0.8852851075268817,0.03914820098953285
moead,1.635468735483871,0.9010170752688172,0.036838096607222114
moead,2.226828817204301,0.9156516817204301,0.03415309561696795
moead,3.028207935483871,0.9279470580645162,0.03126928093087721
moead,4.114313956989247,0.9382903397849462,0.02814323362362222
moead,5.58747888172043,0.9469993806451613,0.025181028377874025
moead,7.586098043010753,0.9539954107526881,0.022462135352543953
moead,10.298061892473118,0.9602282344086022,0.019680012469850437
moead,13.978871741935484,0.9650007182795699,0.017499378150533703
moead,18.97670365591398,0.969234647311828,0.015583920835946022
moead,25.764483655913978,0.9726848150537635,0.013943416079797011
moead,34.986934193548386,0.975421447311828,0.012686800241698331
moead,47.520010322580646,0.9780080215053764,0.011477551884171417
moead,64.55869010752689,0.9799456731182795,0.010674673960166142
moead,87.72940967741935,0.9816469720430108,0.009946563160189943
moead,119.25101075268817,0.9830880795698925,0.009428502671199187
moead,162.14572903225806,0.9844042903225807,0.00885644570474717
moead,220.53579569892474,0.985524470967742,0.008394585647526601
moead,300.01088602150537,0.9864713806451613,0.008063383737402514
mhaco,0.029896462537634408,0.6871608537634408,0.04133823251282768
mhaco,0.07814855010752689,0.7265321720430108,0.03752135196970027
mhaco,0.12064865010752689,0.7470398258064516,0.03750008283165824
mhaco,0.17208048021505376,0.7656781892473118,0.03998691134930543
mhaco,0.2566227010752688,0.7910008279569892,0.045071789028684
mhaco,0.35351594838709677,0.8178545870967742,0.04906827455884904
mhaco,0.48944325376344083,0.8424742795698925,0.04700061223128522
mhaco,0.6672594602150538,0.8589084430107526,0.041384432623258326
mhaco,0.8975843311827957,0.8680962279569893,0.03850822012587155
mhaco,1.200964176344086,0.8736488602150537,0.036931799654084954
mhaco,1.5983674924731184,0.8767447655913978,0.03639733173828704
mhaco,2.1204219978494625,0.8788423849462366,0.036353103173822496
mhaco,2.8041073763440862,0.8812570774193549,0.036214661266049185
mhaco,3.7024753548387097,0.8847234666666667,0.03585966757747019
mhaco,4.880345053763441,0.8874894430107527,0.03568500001053096
mhaco,6.42811823655914,0.8897758817204301,0.03569775649241256
mhaco,8.459564086021505,0.8921887569892473,0.03579402689296813
mhaco,11.128292150537634,0.8945976516129033,0.03599905404502993
mhaco,14.63551911827957,0.8971776537634408,0.03613375172575592
mhaco,19.24640064516129,0.8997608150537635,0.03618038018828947
mhaco,25.30926494623656,0.9025478172043011,0.03637637879409185
mhaco,33.28397741935484,0.9051227419354839,0.03631972586266716
mhaco,43.77612064516129,0.9075735182795699,0.036128424576077796
mhaco,57.58622279569892,0.9101898580645161,0.0357894251770179
mhaco,75.77047010752688,0.912707088172043,0.03577983479684041
mhaco,99.72307161290323,0.9153625956989248,0.03566583606355037
mhaco,131.282688172043,0.9178710516129033,0.03545760206305533
mhaco,172.88141720430107,0.9201514967741935,0.03503901646447774
mhaco,227.73149677419354,0.9222515204301075,0.03507125423261045
mhaco,300.0196989247312,0.9245358387096774,0.03448516093344201
ihs,0.008287654473118279,0.660511159139785,0.04810011069844921
ihs,0.012435004129032258,0.6632277053763441,0.046856099832649684
ihs,0.018322912860215052,0.6703479247311828,0.04529247318245656
ihs,0.026731870516129033,0.6795537569892474,0.04365010663936937
ihs,0.03873637225806452,0.6916515376344086,0.04155320066268993
ihs,0.055802787956989244,0.705657952688172,0.04006521634195838
ihs,0.08008001849462365,0.720632294623656,0.04029076905426516
ihs,0.11469166838709677,0.7389656043010753,0.04006038303237805
ihs,0.1640315630107527,0.7593105397849462,0.04018531651792112
ihs,0.2343647376344086,0.7799368623655913,0.04019622318698931
ihs,0.3346774043010753,0.7999641139784947,0.04086901859586472
ihs,0.4777559827956989,0.8189479720430107,0.04097701485075454
ihs,0.6819318580645162,0.8381089655913978,0.039485361654817655
ihs,0.9734092989247312,0.8553726666666667,0.03784487135780858
ihs,1.389567341935484,0.8722955225806451,0.037213410456296815
ihs,1.984020658064516,0.8870663053763441,0.03589175794155244
ihs,2.8334530967741935,0.9003209376344086,0.03393892875468374
ihs,4.047564129032258,0.9122928451612903,0.03160504631775636
ihs,5.783588129032258,0.9223149784946236,0.029148184601518353
ihs,8.266663096774193,0.9306778580645161,0.026723399742766774
ihs,11.81956417204301,0.9384238193548388,0.023950092000436365
ihs,16.90522623655914,0.9445123139784947,0.02156191044522161
ihs,24.187580860215053,0.9493157053763441,0.019816747227921573
ihs,34.61935784946237,0.9535395892473119,0.018181170168833298
ihs,49.56840860215054,0.9567850602150537,0.01718128380067886
ihs,70.99929806451613,0.9595742,0.01606345507038495
ihs,101.7345111827957,0.9619613376344086,0.015146590688569174
ihs,145.83137849462366,0.9639987870967742,0.01449791464180418
ihs,209.12396989247313,0.9658365849462366,0.014054731251716007
ihs,300.0012989247312,0.9674239139784946,0.01381454940768652
nsbrkga1,0.02344860447311828,0.6851727569892473,0.04179987795770677
nsbrkga1,0.038497025849462366,0.6871371892473118,0.04204774182206219
nsbrkga1,0.05797216215053763,0.6928747634408602,0.041545150435482237
nsbrkga1,0.0884525329032258,0.7036399634408602,0.041074872625371225
nsbrkga1,0.12747176086021506,0.7159851526881721,0.04086022887355724
nsbrkga1,0.18072130387096774,0.730704864516129,0.04131513508645722
nsbrkga1,0.25261916752688174,0.748072023655914,0.04167192272301134
nsbrkga1,0.34929522795698925,0.7665000731182796,0.04262478602574249
nsbrkga1,0.48074219569892473,0.787351064516129,0.043008959541229366
nsbrkga1,0.6586793225806452,0.8094270709677419,0.04330936751603917
nsbrkga1,0.8991496967741935,0.8319371333333333,0.042904587356909364
nsbrkga1,1.2249021376344087,0.8544205247311828,0.041460015789986863
nsbrkga1,1.6662021075268818,0.8751307956989247,0.03923926108750119
nsbrkga1,2.2629504731182797,0.894506670967742,0.03705422897605669
nsbrkga1,3.070955376344086,0.9124344172043011,0.03470800479521055
nsbrkga1,4.165126,0.9268246666666666,0.03203152716369012
nsbrkga1,5.648067677419355,0.9387310989247312,0.029807784588967053
nsbrkga1,7.658170645161291,0.9480589010752688,0.02765951950385542
nsbrkga1,10.383196688172044,0.955358376344086,0.025472677213110494
nsbrkga1,14.078627483870967,0.9609919075268817,0.023513339635461206
nsbrkga1,19.092807956989247,0.9652062430107526,0.021789750615528833
nsbrkga1,25.897681505376344,0.9685028387096775,0.02075018541415411
nsbrkga1,35.13660150537635,0.9711270129032258,0.019775537450079286
nsbrkga1,47.68459139784946,0.9733068258064516,0.01884939674266165
nsbrkga1,64.73241784946237,0.975136023655914,0.017963937861411775
nsbrkga1,87.90454279569893,0.9767580967741936,0.017243633075158516
nsbrkga1,119.41369247311827,0.9782037225806451,0.016502257961308796
nsbrkga1,162.2794451612903,0.9793821333333333,0.015836858599654786
nsbrkga1,220.61727956989247,0.9802659720430108,0.01531427388392571
nsbrkga1,300.01026021505373,0.9810887827956989,0.014646701303555195
nsbrkga2,0.024336524924731182,0.6857441225806452,0.041659975511574986
nsbrkga2,0.04116307724731183,0.6895850795698925,0.04164413685296609
nsbrkga2,0.059911339784946234,0.6982357677419355,0.041201733661656914
nsbrkga2,0.09361731161290322,0.7132870903225806,0.039403021409624685
nsbrkga2,0.1348057423655914,0.7304868150537634,0.03955093485757274
nsbrkga2,0.19262701462365592,0.7503693268817204,0.039050254628190825
nsbrkga2,0.2693311617204301,0.7719668752688172,0.039871162860312295
nsbrkga2,0.3718324193548387,0.7955354688172043,0.04095963213340514
nsbrkga2,0.5121256537634409,0.8197049483870967,0.040400928595954747
nsbrkga2,0.699185470967742,0.842740617204301,0.04103033016514625
nsbrkga2,0.9512318150537634,0.8650461010752688,0.04058028730285721
nsbrkga2,1.2902804924731184,0.8856381376344086,0.04029452093864601
nsbrkga2,1.74779671827957,0.903829135483871,0.03925514277203339
nsbrkga2,2.364974129032258,0.9196147397849462,0.03737817141277441
nsbrkga2,3.198412946236559,0.9328245978494624,0.034611491938839084
nsbrkga2,4.324234903225807,0.9433329526881721,0.03182136774965783
nsbrkga2,5.84544688172043,0.9519223612903226,0.02897066115840981
nsbrkga2,7.902032322580645,0.9581161462365592,0.02650828137273949
nsbrkga2,10.682851784946237,0.9632511161290322,0.023997290833789653
nsbrkga2,14.445752,0.9673535419354838,0.021946556652067246
nsbrkga2,19.53761182795699,0.9701482365591397,0.020614674432786497
nsbrkga2,26.431507096774194,0.9723931268817204,0.019363281873169498
nsbrkga2,35.76564129032258,0.9740222967741935,0.018417139194745524
nsbrkga2,48.41099397849462,0.9754588408602151,0.017582345604291765
nsbrkga2,65.54981182795699,0.9769579784946236,0.016545012048626368
nsbrkga2,88.78746494623655,0.9782659655913979,0.015977804246036925
nsbrkga2,120.30742580645162,0.9793608817204301,0.015221491881695247
nsbrkga2,163.08129677419356,0.9802243591397849,0.014548753349915892
nsbrkga2,221.1533870967742,0.9809265247311828,0.014087412649728088
nsbrkga2,300.0063096774193,0.9814856258064516,0.013781882513117254
nsbrkga3,0.3577147778494624,0.7138022150537634,0.03606566293762498
nsbrkga3,0.7055719935483871,0.7274466817204301,0.03461540323420462
nsbrkga3,1.0509574731182796,0.750304711827957,0.034258020603707084
nsbrkga3,1.3954052021505376,0.7672491827956989,0.03436884748763263
nsbrkga3,1.7997525247311827,0.7878613849462366,0.03810008273460603
nsbrkga3,2.467914750537634,0.8127067139784946,0.039944219373411284
nsbrkga3,3.1586137913978494,0.8345530946236559,0.042380538743957655
nsbrkga3,3.979848258064516,0.8576664666666667,0.0455826473990333
nsbrkga3,4.980403376344086,0.8801713311827957,0.04713754938070635
nsbrkga3,6.160232365591398,0.8994669892473118,0.04526294843250673
nsbrkga3,7.561382860215054,0.9164280774193548,0.041995715220968885
nsbrkga3,9.235858387096775,0.9305070408602151,0.03700634740144144
nsbrkga3,11.242845634408603,0.9420425548387097,0.03173655447827784
nsbrkga3,13.6674471827957,0.9512429333333333,0.02687222883639599
nsbrkga3,16.59323711827957,0.9582446043010753,0.023276485722942074
nsbrkga3,20.13255230107527,0.9638330086021505,0.020469140589006465
nsbrkga3,24.417140430107526,0.9693012946236559,0.01686692653299573
nsbrkga3,29.59906322580645,0.9737382688172043,0.013940454039768905
nsbrkga3,35.8795311827957,0.9763793096774194,0.012226641462450226
nsbrkga3,43.48639698924731,0.9781262258064516,0.011117244450054322
nsbrkga3,52.7082952688172,0.979525535483871,0.01035986217577247
nsbrkga3,63.89028860215054,0.9804309505376344,0.009981526563316159
nsbrkga3,77.45620688172043,0.9811457483870968,0.009766040805802845
nsbrkga3,93.91799397849462,0.9817087161290322,0.009718904582153395
nsbrkga3,113.90604193548387,0.9821960752688172,0.0096652464277642
nsbrkga3,138.18323655913977,0.9825585741935484,0.009654922456081834
nsbrkga3,167.68479569892475,0.9828630666666667,0.00962862052292151
nsbrkga3,203.5481935483871,0.9831541935483871,0.009623541279136873
nsbrkga3,247.16050537634408,0.9833952602150537,0.009635305536589658
nsbrkga3,300.05752688172043,0.9836184731182795,0.00964953416888809
nsbrkga4,0.37030997612903227,0.7142402924731183,0.03611599161717509
nsbrkga4,0.7049391655913978,0.7313468215053763,0.034905935897613885
nsbrkga4,1.0383123612903227,0.7540886967741935,0.03464087797227696
nsbrkga4,1.372504911827957,0.7716983913978495,0.035434707972197624
nsbrkga4,1.7668418408602151,0.7939452537634408,0.037980720412718424
nsbrkga4,2.4316221505376343,0.8192917849462366,0.038953936043889206
nsbrkga4,3.1305116924731182,0.8425620537634408,0.04122092569428889
nsbrkga4,3.9350519569892475,0.8646577419354838,0.04282708488823138
nsbrkga4,4.994776451612903,0.8853879376344086,0.043132471133526126
nsbrkga4,6.197592860215054,0.9016388365591398,0.041473303923447884
nsbrkga4,7.704970817204301,0.9158508322580645,0.038376095223922865
nsbrkga4,9.48822423655914,0.9276714537634408,0.035326676263924904
nsbrkga4,11.62143088172043,0.9374293784946237,0.03239068921212708
nsbrkga4,14.168708021505376,0.9458090559139785,0.029355696284102225
nsbrkga4,17.211100838709676,0.9530107978494624,0.026116761136908286
nsbrkga4,20.86617464516129,0.9589643096774193,0.02288777997500119
nsbrkga4,25.26945053763441,0.9639898817204301,0.01984885487666377
nsbrkga4,30.671971827956988,0.967958752688172,0.017405062323101076
nsbrkga4,37.61749870967742,0.9712333720430107,0.015734147932333176
nsbrkga4,47.59450322580645,0.9743777612903226,0.01378086674793572
nsbrkga4,59.333271612903225,0.9771418365591398,0.01217924776476244
nsbrkga4,71.70378774193549,0.9789608924731182,0.011315463802132839
nsbrkga4,86.80753935483871,0.9803635225806452,0.010683983490448018
nsbrkga4,105.29366688172043,0.981649752688172,0.010127022723727577
nsbrkga4,126.49944064516129,0.9826426731182796,0.009790615956450912
nsbrkga4,152.09485376344085,0.9834704688172043,0.009386536075884154
nsbrkga4,180.88904086021506,0.9840374129032258,0.009146498087256016
nsbrkga4,215.47794838709677,0.9844227247311828,0.009033164759169685
nsbrkga4,255.44730752688173,0.984766,0.008883836006944064
nsbrkga4,300.32533552631577,0.9852297280701754,0.00872460762155339
nsbrkga5,0.11787395591397849,0.7082990494623655,0.03699125448093075
nsbrkga5,0.21673083268817203,0.7218544989247312,0.03653156083184624
nsbrkga5,0.3136281707526882,0.744144888172043,0.03561410691991286
nsbrkga5,0.42604193333333334,0.7668063397849463,0.0395082797569043
nsbrkga5,0.6230050559139785,0.7975693139784946,0.040590281649159586
nsbrkga5,0.8383567978494624,0.8259204946236559,0.04226098253000481
nsbrkga5,1.1335971505376343,0.8557410129032258,0.044152784234999486
nsbrkga5,1.4929948150537635,0.8827009741935484,0.04392203824758829
nsbrkga5,1.9518317376344085,0.9066854752688172,0.04121051084523129
nsbrkga5,2.518243827956989,0.9244567462365592,0.03643620814324508
nsbrkga5,3.2290205376344088,0.9381859698924732,0.032013669198295354
nsbrkga5,4.125214537634409,0.9490701333333333,0.027162477821123868
nsbrkga5,5.25583888172043,0.9572497440860215,0.022696677989041618
nsbrkga5,6.6831657634408606,0.9632241892473118,0.019153666450653813
nsbrkga5,8.487014021505376,0.9677853204301076,0.01645552200494694
nsbrkga5,10.770219440860215,0.9710325032258065,0.01465307157221749
nsbrkga5,13.660073677419355,0.9735972107526881,0.013413973704376136
nsbrkga5,17.318704258064518,0.9755759419354839,0.012534557295821208
nsbrkga5,21.95422322580645,0.977167423655914,0.011970337095325776
nsbrkga5,27.82776064516129,0.9784207161290323,0.011747173432447579
nsbrkga5,35.27112279569892,0.9793860903225806,0.011612176322667547
nsbrkga5,44.71287505376344,0.9801653913978494,0.011629903419963747
nsbrkga5,56.73282279569892,0.9808237806451613,0.01166232911687147
nsbrkga5,72.0210752688172,0.9813884279569892,0.011659366953766348
nsbrkga5,92.37628924731183,0.9818474817204301,0.011612519408514885
nsbrkga5,117.29556752688173,0.9822844258064516,0.011579231603214623
nsbrkga5,148.96687741935483,0.9826117053763441,0.011528569999719867
nsbrkga5,188.66973978494624,0.9829116172043011,0.011502369026589318
nsbrkga5,238.47447956989248,0.9833231505376344,0.011351032087308938
nsbrkga5,300.15349247311826,0.9836798172043011,0.011255675570406916
nsbrkga6,0.31581402322580643,0.7118333956989248,0.03646072995772275
nsbrkga6,0.609937305376344,0.7307967741935484,0.035082357535865985
nsbrkga6,0.9025559741935484,0.7542588774193548,0.035140184001932646
nsbrkga6,1.1954850430107526,0.7720646709677419,0.035501566442330074
nsbrkga6,1.5526063139784947,0.796506094623656,0.03808408684094012
nsbrkga6,2.136831724731183,0.8227731655913979,0.03908191023880909
nsbrkga6,2.7649348924731183,0.8473544623655914,0.04210188790410278
nsbrkga6,3.490565111827957,0.8700779311827957,0.04355076715810996
nsbrkga6,4.430367053763441,0.8900166215053763,0.04307789170316012
nsbrkga6,5.524643548387097,0.9064473892473118,0.04086791773945592
nsbrkga6,6.872328365591398,0.9207032215053763,0.03792347253408503
nsbrkga6,8.505522946236558,0.9325321075268818,0.034518113239914855
nsbrkga6,10.548215827956989,0.9425960322580645,0.031087204922358863
nsbrkga6,13.338438731182796,0.9513215870967742,0.027422385709124683
nsbrkga6,19.37951804301075,0.9608276537634408,0.021466189715640713
nsbrkga6,26.76103705376344,0.9684409956989247,0.01499304948335482
nsbrkga6,34.3768488172043,0.9714704,0.013157386492365527
nsbrkga6,44.20010193548387,0.9746934430107527,0.011281019329549231
nsbrkga6,56.03663376344086,0.9768806064516129,0.01003231418954785
nsbrkga6,68.77817505376345,0.9786429956989248,0.009246944971037476
nsbrkga6,83.63695182795699,0.9800208774193548,0.00867609328026079
nsbrkga6,99.25027720430107,0.9811256,0.008344396448753231
nsbrkga6,116.55549354838709,0.9817810817204301,0.008193464167388108
nsbrkga6,135.08076666666668,0.9822541763440861,0.008127477043574824
nsbrkga6,155.61117904967602,0.9826761295896328,0.008129581296788431
nsbrkga6,176.88845175438595,0.9830844210526316,0.008122989507761543
nsbrkga6,199.97221846846847,0.9835727927927927,0.008123246271847582
nsbrkga6,226.2644988235294,0.9840724870588236,0.00813152008842965
nsbrkga6,256.9353394255875,0.9850269321148825,0.00806147775097165
nsbrkga6,300.48573595505616,0.9858744522471911,0.007797883049343225
