Solver,Time,Normalized Modified Inverted Generational Distance,Standard Deviation
nsga2,0.01090685393548387,0.06132198172043011,0.018465804022738768
nsga2,0.02791062939784946,0.05858437268817204,0.01722424828365117
nsga2,0.04366633935483871,0.055954869677419354,0.016481930271422432
nsga2,0.07466357419354838,0.05126276516129032,0.015050472845951209
nsga2,0.10709261483870967,0.047196899784946234,0.013744341299709835
nsga2,0.15520624279569892,0.04273966064516129,0.012698793581107674
nsga2,0.21969751225806453,0.03809499075268817,0.011800633874849894
nsga2,0.3072654817204301,0.03316443634408602,0.011146410699714731
nsga2,0.42784253548387097,0.028597541333333334,0.010238219875840103
nsga2,0.5915033290322581,0.024445797333333335,0.00990235277147034
nsga2,0.8140632774193548,0.021039271634408604,0.009421295998215768
nsga2,1.1168654,0.018188656688172045,0.008841818512476065
nsga2,1.5287812279569892,0.015813711032258065,0.008214777047071771
nsga2,2.089039698924731,0.013911119032258064,0.007693211917758759
nsga2,2.852059935483871,0.012304396967741936,0.007107304027858331
nsga2,3.8911452473118278,0.010889997849462365,0.006582656715138785
nsga2,5.306430473118279,0.009675758995698924,0.0060378621678548305
nsga2,7.233806365591398,0.008551901189247311,0.00548186877519033
nsga2,9.859394494623656,0.007579686948387097,0.004942822689304638
nsga2,13.438315247311827,0.006682158172043011,0.004371841884395216
nsga2,18.315856344086022,0.005775326384946236,0.003820051798515061
nsga2,24.96625376344086,0.004964282490322581,0.003329364354898479
nsga2,34.036294193548386,0.00424148215483871,0.0029047172948225503
nsga2,46.411822795698924,0.0035822299849462367,0.002487238765347059
nsga2,63.30215096774194,0.0029600678709677418,0.0020681198380161706
nsga2,86.36141806451613,0.002444965952688172,0.0017543137494457578
nsga2,117.85411397849462,0.002006998227956989,0.00148913045668649
nsga2,160.87757419354838,0.0016292895161290322,0.001247920796326546
nsga2,219.6721806451613,0.0013074718107526882,0.0010484850496460987
nsga2,300.01029032258066,0.001038863358064516,0.0008737735967677733
nsga3,0.02415317705376344,0.058420256774193546,0.01723096875218432
nsga3,0.0715882470967742,0.05656795247311828,0.01645766732112294
nsga3,0.11472740774193549,0.0548394335483871,0.015860933683839024
nsga3,0.15869631010752688,0.05300952,0.01514477936148523
nsga3,0.24420517892473118,0.04988578946236559,0.014444121781401068
nsga3,0.3360051827956989,0.04656866086021506,0.013570050152315308
nsga3,0.4699084602150538,0.04268234172043011,0.012665660045789048
nsga3,0.647807752688172,0.03890417268817204,0.011910096150226332
nsga3,0.8752086430107527,0.0347276270967742,0.011122542202375213
nsga3,1.1761188559139786,0.03050240688172043,0.010635350831945941
nsga3,1.5716762838709677,0.02654757464516129,0.010407545631236014
nsga3,2.0887162365591396,0.022997016602150536,0.009793485281061253
nsga3,2.7708784086021505,0.019865087720430108,0.009227766773455165
nsga3,3.6683383010752686,0.01720351389247312,0.008765343732414449
nsga3,4.845694602150537,0.014978122150537634,0.008208264001168569
nsga3,6.393725139784946,0.013040557204301076,0.007549986799766658
nsga3,8.428759376344086,0.011401278559139786,0.006955011712536795
nsga3,11.10369477419355,0.009934479993548387,0.0062951827893429
nsga3,14.620507075268817,0.008690259219354839,0.005703900778749761
nsga3,19.245647741935485,0.007557346587096774,0.005088921293091827
nsga3,25.32758731182796,0.006579908987096774,0.0045383472687910015
nsga3,33.329004301075265,0.005687279356989247,0.00401441037247485
nsga3,43.856833333333334,0.004911529961290323,0.003546773769422686
nsga3,57.708596559139785,0.004244922948387097,0.003098777896317621
nsga3,75.94032516129032,0.003636595593548387,0.002655301508000769
nsga3,99.93762129032258,0.0030703226043010752,0.0022673666509572363
nsga3,131.53523655913978,0.0026179601204301076,0.001981326319192182
nsga3,173.1425612903226,0.002188115105376344,0.0017074927313272927
nsga3,227.9402688172043,0.0018316692774193548,0.0014649153614670377
nsga3,300.0301548387097,0.001528970470967742,0.0012839103613460016
nspso,0.0064436513118279574,0.06316380838709677,0.018958627937282396
nspso,0.01466431941935484,0.06056180752688172,0.01789140407824863
nspso,0.02208372993548387,0.059248539784946236,0.017501886228898225
nspso,0.03588204516129032,0.057741918924731184,0.017037647102101913
nspso,0.05598283806451613,0.055916342795698924,0.01673697190739855
nspso,0.083189288172043,0.05348662666666667,0.016567912851404798
nspso,0.11936211225806452,0.05138072731182796,0.01600893353074248
nspso,0.16994052709677418,0.04878267548387097,0.015485480213137294
nspso,0.24141377569892472,0.045502616559139786,0.014454928298885143
nspso,0.34117113978494623,0.0418293152688172,0.013140689727079225
nspso,0.48061554408602153,0.03814017053763441,0.012088739756882261
nspso,0.6756326537634408,0.034877029462365594,0.011008534218055551
nspso,0.9482540580645161,0.032229997849462365,0.010400208679688737
nspso,1.3297474795698925,0.030025915311827956,0.01013685630077635
nspso,1.8640022795698925,0.028180663440860215,0.009910932437918499
nspso,2.611884107526882,0.026394133440860217,0.009502115001229047
nspso,3.659597053763441,0.024991444903225805,0.009367919802550197
nspso,5.127479634408602,0.02357775253763441,0.009110605301117082
nspso,7.184862752688172,0.02228685692473118,0.008908496772315049
nspso,10.069710580645161,0.02103308888172043,0.00854138850056851
nspso,14.116251505376344,0.019819576322580645,0.008186329585113722
nspso,19.795058279569894,0.018928015440860216,0.008050528025314195
nspso,27.76753634408602,0.018054348516129033,0.007914484682922607
nspso,38.96494516129032,0.01714116658064516,0.007647123868554622
nspso,54.69872301075269,0.016298959139784946,0.00743385578911069
nspso,76.81597311827957,0.015553684516129032,0.007256264783832057
nspso,107.92006,0.01484095494623656,0.0070093371320537855
nspso,151.68147741935485,0.014172927505376343,0.00674755088785191
nspso,213.2776623655914,0.013561851892473118,0.006572834573375493
nspso,300.00330322580646,0.012936196817204301,0.0063109833240679
moead,0.012698383655913978,0.06082016107526882,0.018420189802265265
moead,0.030559893010752688,0.057064380430107524,0.01701014701590996
moead,0.048501539139784944,0.052714913333333335,0.015505204067216553
moead,0.07745039892473118,0.04780190193548387,0.013971489137386014
moead,0.11437365204301075,0.043290303870967745,0.012996226580855431
moead,0.16803754150537634,0.038666099784946235,0.01202911685606891
moead,0.23969549053763442,0.034027736559139786,0.011026130009465847
moead,0.33464886666666666,0.029556641849462367,0.010107383215718815
moead,0.46463272903225805,0.025190963720430108,0.009313094616807103
moead,0.6403231182795699,0.021124503139784947,0.008431678564248483
moead,0.8780756193548387,0.017415866580645162,0.007501323568192882
moead,1.1995521612903226,0.014306880301075268,0.006633220226585638
moead,1.635468735483871,0.011798501634408601,0.005879433030162835
moead,2.226828817204301,0.009728214516129033,0.005369853868185165
moead,3.028207935483871,0.00804244247311828,0.005004952529898694
moead,4.114313956989247,0.006752182752688172,0.004663330277335219
moead,5.58747888172043,0.005763510193548387,0.00444881670405566
moead,7.586098043010753,0.004972267868817205,0.004202187687291152
moead,10.298061892473118,0.004326436129032258,0.003953426232800305
moead,13.978871741935484,0.0038809834774193547,0.0037950278409381957
moead,18.97670365591398,0.003452312030107527,0.0035456103170143486
moead,25.764483655913978,0.003115457974193548,0.003374992803077835
moead,34.986934193548386,0.002861192488172043,0.003223759114903714
moead,47.520010322580646,0.0025826349720430106,0.0029364984240325374
moead,64.55869010752689,0.0023798669741935483,0.0027963012758671097
moead,87.72940967741935,0.0022125305311827955,0.002695962357306665
moead,119.25101075268817,0.002063116639784946,0.0026167540588778976
moead,162.14572903225806,0.0019295338116129032,0.002497105268663781
moead,220.53579569892474,0.0017938118931182796,0.002386605264629556
moead,300.01088602150537,0.0016830394294623655,0.002325594093741633
mhaco,0.029896462537634408,0.058061287096774196,0.0171936623259552
mhaco,0.07814855010752689,0.05268849096774193,0.01543458225511524
mhaco,0.12064865010752689,0.04993948774193548,0.01495539724071214
mhaco,0.17208048021505376,0.047552959139784946,0.013840708581038162
mhaco,0.2566227010752688,0.044149661720430104,0.012943675258121727
mhaco,0.35351594838709677,0.03973596903225807,0.01228084716972008
mhaco,0.48944325376344083,0.03469974064516129,0.011311213694638597
mhaco,0.6672594602150538,0.03053107139784946,0.010087365801251257
mhaco,0.8975843311827957,0.02750896847311828,0.009433816825259565
mhaco,1.200964176344086,0.02549331447311828,0.009057487590177986
mhaco,1.5983674924731184,0.024195939849462365,0.00876481858448796
mhaco,2.1204219978494625,0.023255385268817205,0.008647746358102846
mhaco,2.8041073763440862,0.022513682860215052,0.008606297333677024
mhaco,3.7024753548387097,0.02177011129032258,0.00856754129193163
mhaco,4.880345053763441,0.02128012677419355,0.00848109626797032
mhaco,6.42811823655914,0.0209041968172043,0.008415425779601278
mhaco,8.459564086021505,0.020479294731182797,0.00836775987815957
mhaco,11.128292150537634,0.019973934688172042,0.008376361404721923
mhaco,14.63551911827957,0.019409445978494623,0.008283495025764151
mhaco,19.24640064516129,0.018857735247311828,0.008098343533457378
mhaco,25.30926494623656,0.018310179032258064,0.007846766072533406
mhaco,33.28397741935484,0.017728146430107526,0.007567892592070394
mhaco,43.77612064516129,0.017155584537634407,0.007445439348700306
mhaco,57.58622279569892,0.016574306365591398,0.0072376527787663585
mhaco,75.77047010752688,0.015961830086021506,0.007051562610643626
mhaco,99.72307161290323,0.01536994688172043,0.006965174915289522
mhaco,131.282688172043,0.014879562279569892,0.006929500446987127
mhaco,172.88141720430107,0.014337919204301075,0.006860526431007444
mhaco,227.73149677419354,0.013789793032258064,0.006720983322930088
mhaco,300.0196989247312,0.013303733204301076,0.006679463653130741
ihs,0.008287654473118279,0.06218321268817204,0.018565332742645956
ihs,0.012435004129032258,0.06197024021505376,0.018570304636501053
ihs,0.018322912860215052,0.06127213182795699,0.01854794315686221
ihs,0.026731870516129033,0.06020857483870968,0.018347700812317316
ihs,0.03873637225806452,0.058714617849462365,0.018030969093414707
ihs,0.055802787956989244,0.05656484838709677,0.017371586078092593
ihs,0.08008001849462365,0.05423415075268817,0.017244260784567388
ihs,0.11469166838709677,0.05122574752688172,0.0167448476870563
ihs,0.1640315630107527,0.048188975483870966,0.015844813142448098
ihs,0.2343647376344086,0.04454292623655914,0.014588019182714919
ihs,0.3346774043010753,0.04089334322580645,0.013532214532750744
ihs,0.4777559827956989,0.037309485376344084,0.012821997402307711
ihs,0.6819318580645162,0.03382508012903226,0.012395023237742019
ihs,0.9734092989247312,0.030553382860215052,0.01146445081760336
ihs,1.389567341935484,0.027411972043010754,0.010420298004757552
ihs,1.984020658064516,0.024938821268817205,0.009860141641257876
ihs,2.8334530967741935,0.022729934258064514,0.009561494169464892
ihs,4.047564129032258,0.020579030430107528,0.009139470196186286
ihs,5.783588129032258,0.018854751161290324,0.008927531043220752
ihs,8.266663096774193,0.017364489870967743,0.008694531703711424
ihs,11.81956417204301,0.01598551376344086,0.008556102156335977
ihs,16.90522623655914,0.014865085655913978,0.008481985572957597
ihs,24.187580860215053,0.013918973612903226,0.008282654901516114
ihs,34.61935784946237,0.013074152989247311,0.008141818195922945
ihs,49.56840860215054,0.012283365376344085,0.00790142148890917
ihs,70.99929806451613,0.011573625247311828,0.007669811048073872
ihs,101.7345111827957,0.010904175161290323,0.007410387904299911
ihs,145.83137849462366,0.010231237892473119,0.007123201525848462
ihs,209.12396989247313,0.009495042215053763,0.00689614165901619
ihs,300.0012989247312,0.008829190279569892,0.006562561347411559
nsbrkga1,0.02344860447311828,0.058550887311827955,0.017768368417061517
nsbrkga1,0.038497025849462366,0.057788029677419354,0.017601291944673192
nsbrkga1,0.05797216215053763,0.056425088602150536,0.016939216468273535
nsbrkga1,0.0884525329032258,0.05392778387096774,0.01608073886361313
nsbrkga1,0.12747176086021506,0.05123296623655914,0.015187023883328871
nsbrkga1,0.18072130387096774,0.048253549032258064,0.014097997113629638
nsbrkga1,0.25261916752688174,0.04510120107526882,0.013059725225830803
nsbrkga1,0.34929522795698925,0.04192137311827957,0.012218897120574208
nsbrkga1,0.48074219569892473,0.03829985935483871,0.01145943753819594
nsbrkga1,0.6586793225806452,0.03466979612903226,0.010670869271632442
nsbrkga1,0.8991496967741935,0.031224388580645163,0.009897954458580703
nsbrkga1,1.2249021376344087,0.02769628047311828,0.009243204450710935
nsbrkga1,1.6662021075268818,0.02448625253763441,0.00865030288956494
nsbrkga1,2.2629504731182797,0.02129646023655914,0.007904257803464857
nsbrkga1,3.070955376344086,0.018404470967741934,0.007143030398809584
nsbrkga1,4.165126,0.01594396417204301,0.0064944608542311455
nsbrkga1,5.648067677419355,0.01370486688172043,0.005952800465402234
nsbrkga1,7.658170645161291,0.011807541311827957,0.005259125631158388
nsbrkga1,10.383196688172044,0.010080926193548388,0.004615283825589469
nsbrkga1,14.078627483870967,0.00871356223655914,0.004194937964929576
nsbrkga1,19.092807956989247,0.007546796935483871,0.0037716773508204744
nsbrkga1,25.897681505376344,0.0065773373978494625,0.0034721762226480745
nsbrkga1,35.13660150537635,0.0057950327677419354,0.00327664742524377
nsbrkga1,47.68459139784946,0.005111196264516129,0.0030396672071614423
nsbrkga1,64.73241784946237,0.004495939462365591,0.0028720828206591676
nsbrkga1,87.90454279569893,0.0039098113505376345,0.0026943239054327784
nsbrkga1,119.41369247311827,0.003426223464516129,0.0024462403282561837
nsbrkga1,162.2794451612903,0.0030429066817204303,0.0022327760149776087
nsbrkga1,220.61727956989247,0.002728044617204301,0.0021031850475559406
nsbrkga1,300.01026021505373,0.002512108464516129,0.0020128292092825044
nsbrkga2,0.024336524924731182,0.058435761075268815,0.01775824577830127
nsbrkga2,0.04116307724731183,0.057348791397849465,0.01759004712147964
nsbrkga2,0.059911339784946234,0.055380853333333334,0.01692262597915149
nsbrkga2,0.09361731161290322,0.052443561505376345,0.01588255910407926
nsbrkga2,0.1348057423655914,0.04918848086021505,0.014802220475847627
nsbrkga2,0.19262701462365592,0.04570174193548387,0.01367551858289491
nsbrkga2,0.2693311617204301,0.042047727741935485,0.01249558845330024
nsbrkga2,0.3718324193548387,0.03818937376344086,0.011271221513459575
nsbrkga2,0.5121256537634409,0.03446736795698925,0.010434518190871609
nsbrkga2,0.699185470967742,0.03087297346236559,0.00981850253032009
nsbrkga2,0.9512318150537634,0.027586869290322582,0.009220075283868286
nsbrkga2,1.2902804924731184,0.02444664434408602,0.008637383360453617
nsbrkga2,1.74779671827957,0.02166523053763441,0.008184217374547817
nsbrkga2,2.364974129032258,0.019087560193548386,0.007647209529689752
nsbrkga2,3.198412946236559,0.016786371849462366,0.007224391580200539
nsbrkga2,4.324234903225807,0.01469466522580645,0.006625647095689715
nsbrkga2,5.84544688172043,0.012852274043010753,0.00587849522554964
nsbrkga2,7.902032322580645,0.011260762623655914,0.005244833187829788
nsbrkga2,10.682851784946237,0.009792758516129032,0.004712714503817058
nsbrkga2,14.445752,0.008555142258064516,0.004401392855251249
nsbrkga2,19.53761182795699,0.0075443418967741935,0.004176590137776179
nsbrkga2,26.431507096774194,0.0068003495311827955,0.003932336411335753
nsbrkga2,35.76564129032258,0.006195909473118279,0.0037732583960343796
nsbrkga2,48.41099397849462,0.005618722778494623,0.0035749587425667586
nsbrkga2,65.54981182795699,0.005052070329032258,0.003359335307490519
nsbrkga2,88.78746494623655,0.004546336301075269,0.0032120431228269673
nsbrkga2,120.30742580645162,0.004123983974193548,0.0030114034472664844
nsbrkga2,163.08129677419356,0.0038057960924731183,0.002765932823845053
nsbrkga2,221.1533870967742,0.003536416206451613,0.0025706610649916532
nsbrkga2,300.0063096774193,0.00336637911827957,0.002516760429890997
nsbrkga3,0.3577147778494624,0.054144850107526885,0.01589592493522335
nsbrkga3,0.7055719935483871,0.05153680279569892,0.015261165156161386
nsbrkga3,1.0509574731182796,0.048106605376344085,0.014166606897672506
nsbrkga3,1.3954052021505376,0.04575244150537634,0.013566293098997501
nsbrkga3,1.7997525247311827,0.04264389075268817,0.012204035245163563
nsbrkga3,2.467914750537634,0.039170145161290325,0.011710977065412598
nsbrkga3,3.1586137913978494,0.03587139655913978,0.010897520623117959
nsbrkga3,3.979848258064516,0.03235799956989247,0.010235440980519084
nsbrkga3,4.980403376344086,0.028448940924731183,0.00987588225191981
nsbrkga3,6.160232365591398,0.024763044258064516,0.009431439958959781
nsbrkga3,7.561382860215054,0.021298991032258064,0.0088003998573213
nsbrkga3,9.235858387096775,0.018286848666666668,0.00804105720466534
nsbrkga3,11.242845634408603,0.015586961462365592,0.007214479781923995
nsbrkga3,13.6674471827957,0.013301436021505377,0.00671441947760685
nsbrkga3,16.59323711827957,0.01140000840860215,0.00625337202163923
nsbrkga3,20.13255230107527,0.009943223023655913,0.005773592370113036
nsbrkga3,24.417140430107526,0.00871394805591398,0.005389840884176491
nsbrkga3,29.59906322580645,0.00775211495483871,0.0050167642849019665
nsbrkga3,35.8795311827957,0.0069899271978494625,0.004733416857583599
nsbrkga3,43.48639698924731,0.006366237120430107,0.0044836855361900475
nsbrkga3,52.7082952688172,0.005814142774193548,0.00420447107688396
nsbrkga3,63.89028860215054,0.005411616058064516,0.003981059044425816
nsbrkga3,77.45620688172043,0.005022287477419355,0.0037011937474066142
nsbrkga3,93.91799397849462,0.00469034007311828,0.003471670933377175
nsbrkga3,113.90604193548387,0.00436784763655914,0.0032254113415609766
nsbrkga3,138.18323655913977,0.004157023821505376,0.00312417473699508
nsbrkga3,167.68479569892475,0.003966022251612903,0.002993873852267802
nsbrkga3,203.5481935483871,0.003766902440860215,0.002843761581444423
nsbrkga3,247.16050537634408,0.0036175443419354837,0.0027381988049844765
nsbrkga3,300.05752688172043,0.0034714363612903224,0.0026187179971411245
nsbrkga4,0.37030997612903227,0.05405981612903226,0.015844657271038003
nsbrkga4,0.7049391655913978,0.05115337612903226,0.015014410656720148
nsbrkga4,1.0383123612903227,0.04797488666666667,0.013999403924494716
nsbrkga4,1.372504911827957,0.045703565806451615,0.013610877378814869
nsbrkga4,1.7668418408602151,0.042667911397849465,0.012223514724619708
nsbrkga4,2.4316221505376343,0.039077499784946235,0.011513002252370223
nsbrkga4,3.1305116924731182,0.03573702,0.010967122153517805
nsbrkga4,3.9350519569892475,0.03207603741935484,0.010234773462480497
nsbrkga4,4.994776451612903,0.028579206602150537,0.009960376758535956
nsbrkga4,6.197592860215054,0.02563264012903226,0.009595429307250993
nsbrkga4,7.704970817204301,0.02268530294623656,0.009400675295034302
nsbrkga4,9.48822423655914,0.020065865139784946,0.009123302219337784
nsbrkga4,11.62143088172043,0.01770419369892473,0.008672470454534374
nsbrkga4,14.168708021505376,0.015517968752688172,0.008026992615710337
nsbrkga4,17.211100838709676,0.01358701982795699,0.007456646076729826
nsbrkga4,20.86617464516129,0.011917467010752688,0.006898810882760531
nsbrkga4,25.26945053763441,0.010422170838709678,0.006252411952620794
nsbrkga4,30.671971827956988,0.00919095591827957,0.005776977635748282
nsbrkga4,37.61749870967742,0.008123277453763442,0.005395440729097952
nsbrkga4,47.59450322580645,0.007112225227956989,0.0050542517404548685
nsbrkga4,59.333271612903225,0.006303342920430108,0.004710223929858152
nsbrkga4,71.70378774193549,0.005760838174193548,0.0043108575576217435
nsbrkga4,86.80753935483871,0.005277084701075269,0.003943671484361368
nsbrkga4,105.29366688172043,0.004822316610752688,0.003620021469368809
nsbrkga4,126.49944064516129,0.004451835283870968,0.003305629842726194
nsbrkga4,152.09485376344085,0.004158965012903226,0.0030466241224030408
nsbrkga4,180.88904086021506,0.0039503075139784944,0.002876822194754289
nsbrkga4,215.47794838709677,0.0037523926258064516,0.0026837725558284935
nsbrkga4,255.44730752688173,0.0035892073913978495,0.0025489412299012112
nsbrkga4,300.32533552631577,0.0034929940745614036,0.0024496339366904146
nsbrkga5,0.11787395591397849,0.05497896580645161,0.016086648500903116
nsbrkga5,0.21673083268817203,0.052195825806451615,0.015202867334429219
nsbrkga5,0.3136281707526882,0.049107426021505377,0.013993338560219924
nsbrkga5,0.42604193333333334,0.045848052043010755,0.012939603402049416
nsbrkga5,0.6230050559139785,0.04176491505376344,0.012121612667830581
nsbrkga5,0.8383567978494624,0.03761109419354839,0.01139434990433045
nsbrkga5,1.1335971505376343,0.03330851247311828,0.010778923154528164
nsbrkga5,1.4929948150537635,0.029063796129032256,0.00998751736764847
nsbrkga5,1.9518317376344085,0.02500257283870968,0.009553513995007581
nsbrkga5,2.518243827956989,0.02152902552688172,0.009148067781179907
nsbrkga5,3.2290205376344088,0.018547749806451613,0.00875511461734566
nsbrkga5,4.125214537634409,0.016000054623655915,0.00818274950764266
nsbrkga5,5.25583888172043,0.013913602838709677,0.007561017000815115
nsbrkga5,6.6831657634408606,0.012138926344086021,0.007066590169342361
nsbrkga5,8.487014021505376,0.01068497632688172,0.006408226686328418
nsbrkga5,10.770219440860215,0.009529093032258065,0.005904380766783908
nsbrkga5,13.660073677419355,0.008509289288172043,0.005405802689446955
nsbrkga5,17.318704258064518,0.007663400804301075,0.004996649331155199
nsbrkga5,21.95422322580645,0.0069409242752688175,0.004591304834213199
nsbrkga5,27.82776064516129,0.006333849967741935,0.004248340917689834
nsbrkga5,35.27112279569892,0.005811662941935484,0.0039042054989536917
nsbrkga5,44.71287505376344,0.00541352936344086,0.0036788377305166974
nsbrkga5,56.73282279569892,0.0050656714215053765,0.0034569334533937845
nsbrkga5,72.0210752688172,0.004765846937634408,0.0032781696935120313
nsbrkga5,92.37628924731183,0.004530911982795699,0.0031633649968966218
nsbrkga5,117.29556752688173,0.004289478101075269,0.0030257252112343906
nsbrkga5,148.96687741935483,0.004092935602150538,0.0028768714063364766
nsbrkga5,188.66973978494624,0.00393568863655914,0.0027851773209992166
nsbrkga5,238.47447956989248,0.003735095217204301,0.002664183487889505
nsbrkga5,300.15349247311826,0.003544530819354839,0.002524665432985438
nsbrkga6,0.31581402322580643,0.05446053655913979,0.01593274526966442
nsbrkga6,0.609937305376344,0.05110639741935484,0.015018227229153977
nsbrkga6,0.9025559741935484,0.04809244774193548,0.014006189902328416
nsbrkga6,1.1954850430107526,0.04588609677419355,0.013356572916128124
nsbrkga6,1.5526063139784947,0.04242242494623656,0.012045603692758493
nsbrkga6,2.136831724731183,0.038774632688172044,0.011474994907224392
nsbrkga6,2.7649348924731183,0.03501567010752688,0.010972112690471327
nsbrkga6,3.490565111827957,0.031663326666666665,0.010465428981774385
nsbrkga6,4.430367053763441,0.028310789096774192,0.01020226371500691
nsbrkga6,5.524643548387097,0.025142121978494622,0.009816327965939425
nsbrkga6,6.872328365591398,0.022059972,0.009357119536207747
nsbrkga6,8.505522946236558,0.019314647569892474,0.008989955346560375
nsbrkga6,10.548215827956989,0.016581487075268818,0.008462754164921066
nsbrkga6,13.338438731182796,0.013799734860215053,0.0072954708872622455
nsbrkga6,19.37951804301075,0.011038308903225807,0.007210850677460475
nsbrkga6,26.76103705376344,0.008455704989247312,0.006158843927062751
nsbrkga6,34.3768488172043,0.007835529741935484,0.005853779028671051
nsbrkga6,44.20010193548387,0.00704632288172043,0.0054883259782680755
nsbrkga6,56.03663376344086,0.00641911783655914,0.005062340087102675
nsbrkga6,68.77817505376345,0.005940877008602151,0.004796968185982499
nsbrkga6,83.63695182795699,0.005644996475268818,0.00460718120834842
nsbrkga6,99.25027720430107,0.0053330697139784946,0.004287256894227168
nsbrkga6,116.55549354838709,0.0050331251139784944,0.003972533765350096
nsbrkga6,135.08076666666668,0.0047616123182795695,0.0037020773951079505
nsbrkga6,155.61117904967602,0.004495138107991361,0.0034553342756487404
nsbrkga6,176.88845175438595,0.004248507864035088,0.003171435895553729
nsbrkga6,199.97221846846847,0.003993610765765766,0.002923717529108118
nsbrkga6,226.2644988235294,0.003784253277647059,0.002765946101498891
nsbrkga6,256.9353394255875,0.0036209466657963446,0.002664593868430772
nsbrkga6,300.48573595505616,0.003425402370786517,0.002603324399794605
